{
  "/": {
    "title": "💜 Welcome to Amethyst!",
    "content": "\n## What is Amethyst?\nAmethyst is a free [Obsidian Publish](https://obsidian.md/publish) alternative that is derived from two existing projects, [Quartz](https://quartz.jzhao.xyz/) and [Hugo Book](https://github.com/alex-shpak/hugo-book).\n\nThe purpose of Amethyst is to provide a space to publish more structured notes created in Obsidian that may not fit in the [digital garden](https://joelhooks.com/digital-garden/) archetype that is well-supported by existing projects.\n\nAmethyst was primarily created as a theme for my [course notes](https://notes.bencuan.me).\n\n## Get Started\n\u003e 📚 Step 1: [Setup your own Amethyst instance](setup/setup.md)\n\n\u003e ✏️ Step 2: [Editing Notes in Amethyst](setup/editing.md)\n\n\u003e 🔗 Step 3: [How to setup your Obsidian Vault to work with Amethyst](setup/obsidian.md)\n\n\u003e 👀 Step 4: [Preview Changes](setup/preview%20changes.md)\n\n\u003e 🌍 Step 5: [Hosting Amethyst online!](setup/hosting.md)\n\n\u003e 🎨 Step 6:  [Customizing Amethyst](setup/config.md)\n\nReturning user? Here's how to [[setup/updating|update]] your existing Amethyst instance.\n\nHere's a list of all [setup-related notes](/tags/setup), which are also accessible via the sidebar menu under the \"Getting Started\" section.\n\n### Troubleshooting\n- 🚧 [Troubleshooting and FAQ](setup/troubleshooting.md)\n- 🐛 [Submit an Issue](https://github.com/64bitpandas/amethyst/issues)\n- 👀 [Contact me](https://bencuan.me/contact)\n",
    "lastmodified": "2023-06-08T18:38:27.894525792Z",
    "tags": null
  },
  "/example/": {
    "title": "Example Site",
    "content": "\n# Introduction\n\n## Ferre hinnitibus erat accipitrem dixi Troiae tollens\n\nLorem markdownum, a quoque nutu est *quodcumque mandasset* veluti. Passim\ninportuna totidemque nympha fert; repetens pendent, poenarum guttura sed vacet\nnon, mortali undas. Omnis pharetramque gramen portentificisque membris servatum\nnovabis fallit de nubibus atque silvas mihi. **Dixit repetitaque Quid**; verrit\nlonga; sententia [mandat](http://pastor-ad.io/questussilvas) quascumque nescio\nsolebat [litore](http://lacrimas-ab.net/); noctes. *Hostem haerentem* circuit\n[plenaque tamen](http://www.sine.io/in).\n\n- Pedum ne indigenae finire invergens carpebat\n- Velit posses summoque\n- De fumos illa foret\n\n## Est simul fameque tauri qua ad\n\nLocum nullus nisi vomentes. Ab Persea sermone vela, miratur aratro; eandem\nArgolicas gener.\n\n## Me sol\n\nNec dis certa fuit socer, Nonacria **dies** manet tacitaque sibi? Sucis est\niactata Castrumque iudex, et iactato quoque terraeque es tandem et maternos\nvittis. Lumina litus bene poenamque animos callem ne tuas in leones illam dea\ncadunt genus, et pleno nunc in quod. Anumque crescentesque sanguinis\n[progenies](http://www.late.net/alimentavirides) nuribus rustica tinguet. Pater\nomnes liquido creditis noctem.\n\n    if (mirrored(icmp_dvd_pim, 3, smbMirroredHard) != lion(clickImportQueue,\n            viralItunesBalancing, bankruptcy_file_pptp)) {\n        file += ip_cybercrime_suffix;\n    }\n    if (runtimeSmartRom == netMarketingWord) {\n        virusBalancingWin *= scriptPromptBespoke + raster(post_drive,\n                windowsSli);\n        cd = address_hertz_trojan;\n        soap_ccd.pcbServerGigahertz(asp_hardware_isa, offlinePeopleware, nui);\n    } else {\n        megabyte.api = modem_flowchart - web + syntaxHalftoneAddress;\n    }\n    if (3 \u003c mebibyteNetworkAnimated) {\n        pharming_regular_error *= jsp_ribbon + algorithm * recycleMediaKindle(\n                dvrSyntax, cdma);\n        adf_sla *= hoverCropDrive;\n        templateNtfs = -1 - vertical;\n    } else {\n        expressionCompressionVariable.bootMulti = white_eup_javascript(\n                table_suffix);\n        guidPpiPram.tracerouteLinux += rtfTerabyteQuicktime(1,\n                managementRosetta(webcamActivex), 740874);\n    }\n    var virusTweetSsl = nullGigo;\n\n## Trepident sitimque\n\nSentiet et ferali errorem fessam, coercet superbus, Ascaniumque in pennis\nmediis; dolor? Vidit imi **Aeacon** perfida propositos adde, tua Somni Fluctibus\nerrante lustrat non.\n\nTamen inde, vos videt e flammis Scythica parantem rupisque pectora umbras. Haec\nficta canistris repercusso simul ego aris Dixit! Esse Fama trepidare hunc\ncrescendo vigor ululasse vertice *exspatiantur* celer tepidique petita aversata\noculis iussa est me ferro.\n",
    "lastmodified": "2023-06-08T18:38:27.894525792Z",
    "tags": null
  },
  "/example/collapsed/": {
    "title": "",
    "content": "\nHello World",
    "lastmodified": "2023-06-08T18:38:27.898525785Z",
    "tags": null
  },
  "/example/collapsed/3rd-level/": {
    "title": "",
    "content": "# 3rd Level of Menu\n\nNefas discordemque domino montes numen tum humili nexilibusque exit, Iove. Quae\nmiror esse, scelerisque Melaneus viribus. Miseri laurus. Hoc est proposita me\nante aliquid, aura inponere candidioribus quidque accendit bella, sumpta.\nIntravit quam erat figentem hunc, motus de fontes parvo tempestate.\n\n```c\n    iscsi_virus = pitch(json_in_on(eupViral),\n            northbridge_services_troubleshooting, personal(\n            firmware_rw.trash_rw_crm.device(interactive_gopher_personal,\n            software, -1), megabit, ergonomicsSoftware(cmyk_usb_panel,\n            mips_whitelist_duplex, cpa)));\n    if (5) {\n        managementNetwork += dma - boolean;\n        kilohertz_token = 2;\n        honeypot_affiliate_ergonomics = fiber;\n    }\n    mouseNorthbridge = byte(nybble_xmp_modem.horse_subnet(\n            analogThroughputService * graphicPoint, drop(daw_bit, dnsIntranet),\n            gateway_ospf), repository.domain_key.mouse(serverData(fileNetwork,\n            trim_duplex_file), cellTapeDirect, token_tooltip_mashup(\n            ripcordingMashup)));\n    module_it = honeypot_driver(client_cold_dvr(593902, ripping_frequency) +\n            coreLog.joystick(componentUdpLink), windows_expansion_touchscreen);\n    bashGigabit.external.reality(2, server_hardware_codec.flops.ebookSampling(\n            ciscNavigationBacklink, table + cleanDriver), indexProtocolIsp);\n```",
    "lastmodified": "2023-06-08T18:38:27.898525785Z",
    "tags": null
  },
  "/example/collapsed/3rd-level/4th-level": {
    "title": "",
    "content": "# 4th Level of Menu\n\n## Caesorum illa tu sentit micat vestes papyriferi\n\nInde aderam facti; Theseus vis de tauri illa peream. Oculos **uberaque** non\nregisque vobis cursuque, opus venit quam vulnera. Et maiora necemque, lege modo;\ngestanda nitidi, vero? Dum ne pectoraque testantur.\n\nVenasque repulsa Samos qui, exspectatum eram animosque hinc, [aut\nmanes](http://www.creveratnon.net/apricaaetheriis), Assyrii. Cupiens auctoribus\npariter rubet, profana magni super nocens. Vos ius sibilat inpar turba visae\niusto! Sedes ante dum superest **extrema**.\n",
    "lastmodified": "2023-06-08T18:38:27.894525792Z",
    "tags": null
  },
  "/example/hidden": {
    "title": "",
    "content": "\n# This page is hidden in menu\n\n# Quondam non pater est dignior ille Eurotas\n\n## Latent te facies\n\nLorem markdownum arma ignoscas vocavit quoque ille texit mandata mentis ultimus,\nfrementes, qui in vel. Hippotades Peleus [pennas\nconscia](http://gratia.net/tot-qua.php) cuiquam Caeneus quas.\n\n- Pater demittere evincitque reddunt\n- Maxime adhuc pressit huc Danaas quid freta\n- Soror ego\n- Luctus linguam saxa ultroque prior Tatiumque inquit\n- Saepe liquitur subita superata dederat Anius sudor\n\n## Cum honorum Latona\n\nO fallor [in sustinui\niussorum](http://www.spectataharundine.org/aquas-relinquit.html) equidem.\nNymphae operi oris alii fronde parens dumque, in auro ait mox ingenti proxima\niamdudum maius?\n\n    reality(burnDocking(apache_nanometer),\n            pad.property_data_programming.sectorBrowserPpga(dataMask, 37,\n            recycleRup));\n    intellectualVaporwareUser += -5 * 4;\n    traceroute_key_upnp /= lag_optical(android.smb(thyristorTftp));\n    surge_host_golden = mca_compact_device(dual_dpi_opengl, 33,\n            commerce_add_ppc);\n    if (lun_ipv) {\n        verticalExtranet(1, thumbnail_ttl, 3);\n        bar_graphics_jpeg(chipset - sector_xmp_beta);\n    }\n\n## Fronde cetera dextrae sequens pennis voce muneris\n\nActa cretus diem restet utque; move integer, oscula non inspirat, noctisque\nscelus! Nantemque in suas vobis quamvis, et labori!\n\n    var runtimeDiskCompiler = home - array_ad_software;\n    if (internic \u003e disk) {\n        emoticonLockCron += 37 + bps - 4;\n        wan_ansi_honeypot.cardGigaflops = artificialStorageCgi;\n        simplex -= downloadAccess;\n    }\n    var volumeHardeningAndroid = pixel + tftp + onProcessorUnmount;\n    sector(memory(firewire + interlaced, wired));",
    "lastmodified": "2023-06-08T18:38:27.898525785Z",
    "tags": null
  },
  "/example/table-of-contents/": {
    "title": "Table of Contents",
    "content": "\n# Ubi loqui\n\n## Mentem genus facietque salire tempus bracchia\n\nLorem markdownum partu paterno Achillem. Habent amne generosi aderant ad pellem\nnec erat sustinet merces columque haec et, dixit minus nutrit accipiam subibis\nsubdidit. Temeraria servatum agros qui sed fulva facta. Primum ultima, dedit,\nsuo quisque linguae medentes fixo: tum petis.\n\n## Rapit vocant si hunc siste adspice\n\nOra precari Patraeque Neptunia, dixit Danae [Cithaeron\narmaque](http://mersis-an.org/litoristum) maxima in **nati Coniugis** templis\nfluidove. Effugit usus nec ingreditur agmen *ac manus* conlato. Nullis vagis\nnequiquam vultibus aliquos altera *suum venis* teneas fretum. Armos [remotis\nhoc](http://tutum.io/me) sine ferrea iuncta quam!\n\n## Locus fuit caecis\n\nNefas discordemque domino montes numen tum humili nexilibusque exit, Iove. Quae\nmiror esse, scelerisque Melaneus viribus. Miseri laurus. Hoc est proposita me\nante aliquid, aura inponere candidioribus quidque accendit bella, sumpta.\nIntravit quam erat figentem hunc, motus de fontes parvo tempestate.\n\n    iscsi_virus = pitch(json_in_on(eupViral),\n            northbridge_services_troubleshooting, personal(\n            firmware_rw.trash_rw_crm.device(interactive_gopher_personal,\n            software, -1), megabit, ergonomicsSoftware(cmyk_usb_panel,\n            mips_whitelist_duplex, cpa)));\n    if (5) {\n        managementNetwork += dma - boolean;\n        kilohertz_token = 2;\n        honeypot_affiliate_ergonomics = fiber;\n    }\n    mouseNorthbridge = byte(nybble_xmp_modem.horse_subnet(\n            analogThroughputService * graphicPoint, drop(daw_bit, dnsIntranet),\n            gateway_ospf), repository.domain_key.mouse(serverData(fileNetwork,\n            trim_duplex_file), cellTapeDirect, token_tooltip_mashup(\n            ripcordingMashup)));\n    module_it = honeypot_driver(client_cold_dvr(593902, ripping_frequency) +\n            coreLog.joystick(componentUdpLink), windows_expansion_touchscreen);\n    bashGigabit.external.reality(2, server_hardware_codec.flops.ebookSampling(\n            ciscNavigationBacklink, table + cleanDriver), indexProtocolIsp);\n\n## Placabilis coactis nega ingemuit ignoscat nimia non\n\nFrontis turba. Oculi gravis est Delphice; *inque praedaque* sanguine manu non.\n\n    if (ad_api) {\n        zif += usb.tiffAvatarRate(subnet, digital_rt) + exploitDrive;\n        gigaflops(2 - bluetooth, edi_asp_memory.gopher(queryCursor, laptop),\n                panel_point_firmware);\n        spyware_bash.statePopApplet = express_netbios_digital(\n                insertion_troubleshooting.brouter(recordFolderUs), 65);\n    }\n    recursionCoreRay = -5;\n    if (hub == non) {\n        portBoxVirus = soundWeb(recursive_card(rwTechnologyLeopard),\n                font_radcab, guidCmsScalable + reciprocalMatrixPim);\n        left.bug = screenshot;\n    } else {\n        tooltipOpacity = raw_process_permalink(webcamFontUser, -1);\n        executable_router += tape;\n    }\n    if (tft) {\n        bandwidthWeb *= social_page;\n    } else {\n        regular += 611883;\n        thumbnail /= system_lag_keyboard;\n    }\n\n## Caesorum illa tu sentit micat vestes papyriferi\n\nInde aderam facti; Theseus vis de tauri illa peream. Oculos **uberaque** non\nregisque vobis cursuque, opus venit quam vulnera. Et maiora necemque, lege modo;\ngestanda nitidi, vero? Dum ne pectoraque testantur.\n\nVenasque repulsa Samos qui, exspectatum eram animosque hinc, [aut\nmanes](http://www.creveratnon.net/apricaaetheriis), Assyrii. Cupiens auctoribus\npariter rubet, profana magni super nocens. Vos ius sibilat inpar turba visae\niusto! Sedes ante dum superest **extrema**.\n",
    "lastmodified": "2023-06-08T18:38:27.898525785Z",
    "tags": null
  },
  "/example/table-of-contents/with-toc": {
    "title": "With ToC",
    "content": "# Caput vino delphine in tamen vias\n\n## Cognita laeva illo fracta\n\nLorem markdownum pavent auras, surgit nunc cingentibus libet **Laomedonque que**\nest. Pastor [An](http://est.org/ire.aspx) arbor filia foedat, ne [fugit\naliter](http://www.indiciumturbam.org/moramquid.php), per. Helicona illas et\ncallida neptem est *Oresitrophos* caput, dentibus est venit. Tenet reddite\n[famuli](http://www.antro-et.net/) praesentem fortibus, quaeque vis foret si\nfrondes *gelidos* gravidae circumtulit [inpulit armenta\nnativum](http://incurvasustulit.io/illi-virtute.html).\n\n1. Te at cruciabere vides rubentis manebo\n2. Maturuit in praetemptat ruborem ignara postquam habitasse\n3. Subitarum supplevit quoque fontesque venabula spretis modo\n4. Montis tot est mali quasque gravis\n5. Quinquennem domus arsit ipse\n6. Pellem turis pugnabant locavit\n\n## Natus quaerere\n\nPectora et sine mulcere, coniuge dum tincta incurvae. Quis iam; est dextra\nPeneosque, metuis a verba, primo. Illa sed colloque suis: magno: gramen, aera\nexcutiunt concipit.\n\n\u003e Phrygiae petendo suisque extimuit, super, pars quod audet! Turba negarem.\n\u003e Fuerat attonitus; et dextra retinet sidera ulnas undas instimulat vacuae\n\u003e generis? *Agnus* dabat et ignotis dextera, sic tibi pacis **feriente at mora**\n\u003e euhoeque *comites hostem* vestras Phineus. Vultuque sanguine dominoque [metuit\n\u003e risi](http://iuvat.org/eundem.php) fama vergit summaque meus clarissimus\n\u003e artesque tinguebat successor nominis cervice caelicolae.\n\n## Limitibus misere sit\n\nAurea non fata repertis praerupit feruntur simul, meae hosti lentaque *citius\nlevibus*, cum sede dixit, Phaethon texta. *Albentibus summos* multifidasque\niungitur loquendi an pectore, mihi ursaque omnia adfata, aeno parvumque in animi\nperlucentes. Epytus agis ait vixque clamat ornum adversam spondet, quid sceptra\nipsum **est**. Reseret nec; saeva suo passu debentia linguam terga et aures et\ncervix [de](http://www.amnem.io/pervenit.aspx) ubera. Coercet gelidumque manus,\ndoluit volvitur induta?\n\n## Enim sua\n\nIuvenilior filia inlustre templa quidem herbis permittat trahens huic. In\ncruribus proceres sole crescitque *fata*, quos quos; merui maris se non tamen\nin, mea.\n\n## Germana aves pignus tecta\n\nMortalia rudibusque caelum cognosceret tantum aquis redito felicior texit, nec,\naris parvo acre. Me parum contulerant multi tenentem, gratissime suis; vultum tu\noccupat deficeret corpora, sonum. E Actaea inplevit Phinea concepit nomenque\npotest sanguine captam nulla et, in duxisses campis non; mercede. Dicere cur\nLeucothoen obitum?\n\nPostibus mittam est *nubibus principium pluma*, exsecratur facta et. Iunge\nMnemonidas pallamque pars; vere restitit alis flumina quae **quoque**, est\nignara infestus Pyrrha. Di ducis terris maculatum At sede praemia manes\nnullaque!\n",
    "lastmodified": "2023-06-08T18:38:27.898525785Z",
    "tags": null
  },
  "/example/table-of-contents/without-toc": {
    "title": "Without ToC",
    "content": "\n# At me ipso nepotibus nunc celebratior genus\n\n## Tanto oblite\n\nLorem markdownum pectora novis patenti igne sua opus aurae feras materiaque\nillic demersit imago et aristas questaque posset. Vomit quoque suo inhaesuro\nclara. Esse cumque, per referri triste. Ut exponit solisque communis in tendens\nvincetis agisque iamque huic bene ante vetat omina Thebae rates. Aeacus servat\nadmonitu concidit, ad resimas vultus et rugas vultu **dignamque** Siphnon.\n\nQuam iugulum regia simulacra, plus meruit humo pecorumque haesit, ab discedunt\ndixit: ritu pharetramque. Exul Laurenti orantem modo, per densum missisque labor\nmanibus non colla unum, obiectat. Tu pervia collo, fessus quae Cretenque Myconon\ncrate! Tegumenque quae invisi sudore per vocari quaque plus ventis fluidos. Nodo\nperque, fugisse pectora sorores.\n\n## Summe promissa supple vadit lenius\n\nQuibus largis latebris aethera versato est, ait sentiat faciemque. Aequata alis\nnec Caeneus exululat inclite corpus est, ire **tibi** ostendens et tibi. Rigent\net vires dique possent lumina; **eadem** dixit poma funeribus paret et felix\nreddebant ventis utile lignum.\n\n1. Remansit notam Stygia feroxque\n2. Et dabit materna\n3. Vipereas Phrygiaeque umbram sollicito cruore conlucere suus\n4. Quarum Elis corniger\n5. Nec ieiunia dixit\n\nVertitur mos ortu ramosam contudit dumque; placabat ac lumen. Coniunx Amoris\nspatium poenamque cavernis Thebae Pleiadasque ponunt, rapiare cum quae parum\nnimium rima.\n\n## Quidem resupinus inducto solebat una facinus quae\n\nCredulitas iniqua praepetibus paruit prospexit, voce poena, sub rupit sinuatur,\nquin suum ventorumque arcadiae priori. Soporiferam erat formamque, fecit,\ninvergens, nymphae mutat fessas ait finge.\n\n1. Baculum mandataque ne addere capiti violentior\n2. Altera duas quam hoc ille tenues inquit\n3. Sicula sidereus latrantis domoque ratae polluit comites\n4. Possit oro clausura namque se nunc iuvenisque\n5. Faciem posuit\n6. Quodque cum ponunt novercae nata vestrae aratra\n\nIte extrema Phrygiis, patre dentibus, tonso perculit, enim blanda, manibus fide\nquos caput armis, posse! Nocendo fas Alcyonae lacertis structa ferarum manus\nfulmen dubius, saxa caelum effuge extremis fixum tumor adfecit **bella**,\npotentes? Dum nec insidiosa tempora tegit\n[spirarunt](http://mihiferre.net/iuvenes-peto.html). Per lupi pars foliis,\nporreximus humum negant sunt subposuere Sidone steterant auro. Memoraverit sine:\nferrum idem Orion caelum heres gerebat fixis?\n",
    "lastmodified": "2023-06-08T18:38:27.898525785Z",
    "tags": null
  },
  "/features/": {
    "title": "",
    "content": "",
    "lastmodified": "2023-06-08T18:38:27.898525785Z",
    "tags": null
  },
  "/features/buttons": {
    "title": "",
    "content": "# Buttons\n\nButtons are styled links that can lead to local page or external link.\n\n## Example\n\n```tpl\n{{\u003c/* button relref=\"/\" [class=\"...\"] */\u003e}}Get Home{{\u003c/* /button */\u003e}}\n{{\u003c/* button href=\"https://github.com/alex-shpak/hugo-book\" */\u003e}}Contribute{{\u003c/* /button */\u003e}}\n```\n\n{{\u003c button relref=\"/\" \u003e}}Get Home{{\u003c /button \u003e}}\n{{\u003c button href=\"https://github.com/alex-shpak/hugo-book\" \u003e}}Contribute{{\u003c /button \u003e}}\n",
    "lastmodified": "2023-06-08T18:38:27.898525785Z",
    "tags": null
  },
  "/features/callouts": {
    "title": "Callouts",
    "content": "\n## Callout support\n\nAmethyst supports the same Admonition-callout syntax as Obsidian.\n\nThis includes\n- 12 Distinct callout types (each with several aliases)\n- Collapsable callouts\n\nSee [documentation on supported types and syntax here](https://help.obsidian.md/How+to/Use+callouts#Types).\n\n## Showcase\n\n\u003e [!EXAMPLE] Examples\n\u003e\n\u003e Aliases: example\n\n\u003e [!note] Notes\n\u003e\n\u003e Aliases: note\n\n\u003e [!abstract] Summaries \n\u003e\n\u003e Aliases: abstract, summary, tldr\n\n\u003e [!info] Info \n\u003e\n\u003e Aliases: info, todo\n\n\u003e [!tip] Hint \n\u003e\n\u003e Aliases: tip, hint, important\n\n\u003e [!success] Success \n\u003e\n\u003e Aliases: success, check, done\n\n\u003e [!question] Question \n\u003e\n\u003e Aliases: question, help, faq\n\n\u003e [!warning] Warning \n\u003e\n\u003e Aliases: warning, caution, attention\n\n\u003e [!failure] Failure \n\u003e\n\u003e Aliases: failure, fail, missing\n\n\u003e [!danger] Error\n\u003e\n\u003e Aliases: danger, error\n\n\u003e [!bug] Bug\n\u003e\n\u003e Aliases: bug\n\n\u003e [!quote] Quote\n\u003e\n\u003e Aliases: quote, cite\n",
    "lastmodified": "2023-06-08T18:38:27.898525785Z",
    "tags": null
  },
  "/features/columns": {
    "title": "",
    "content": "# Columns\n\nColumns help organize shorter pieces of content horizontally for readability.\n\n\n```html\n{{\u003c/* columns */\u003e}} \u003c!-- begin columns block --\u003e\n# Left Content\nLorem markdownum insigne...\n\n\u003c---\u003e \u003c!-- magic separator, between columns --\u003e\n\n# Mid Content\nLorem markdownum insigne...\n\n\u003c---\u003e \u003c!-- magic separator, between columns --\u003e\n\n# Right Content\nLorem markdownum insigne...\n{{\u003c/* /columns */\u003e}}\n```\n\n## Example\n\n{{\u003c columns \u003e}}\n## Left Content\nLorem markdownum insigne. Olympo signis Delphis! Retexi Nereius nova develat\nstringit, frustra Saturnius uteroque inter! Oculis non ritibus Telethusa\nprotulit, sed sed aere valvis inhaesuro Pallas animam: qui _quid_, ignes.\nMiseratus fonte Ditis conubia.\n\n\u003c---\u003e\n\n## Mid Content\nLorem markdownum insigne. Olympo signis Delphis! Retexi Nereius nova develat\nstringit, frustra Saturnius uteroque inter!\n\n\u003c---\u003e\n\n## Right Content\nLorem markdownum insigne. Olympo signis Delphis! Retexi Nereius nova develat\nstringit, frustra Saturnius uteroque inter! Oculis non ritibus Telethusa\nprotulit, sed sed aere valvis inhaesuro Pallas animam: qui _quid_, ignes.\nMiseratus fonte Ditis conubia.\n{{\u003c /columns \u003e}}\n",
    "lastmodified": "2023-06-08T18:38:27.898525785Z",
    "tags": null
  },
  "/features/details": {
    "title": "",
    "content": "# Details\n\nDetails shortcode is a helper for `details` html5 element. It is going to replace `expand` shortcode.\n\n## Example\n```tpl\n{{\u003c/* details \"Title\" [open] */\u003e}}\n## Markdown content\nLorem markdownum insigne...\n{{\u003c/* /details */\u003e}}\n```\n```tpl\n{{\u003c/* details title=\"Title\" open=true */\u003e}}\n## Markdown content\nLorem markdownum insigne...\n{{\u003c/* /details */\u003e}}\n```\n\n{{\u003c details \"Title\" open \u003e}}\n## Markdown content\nLorem markdownum insigne...\n{{\u003c /details \u003e}}\n",
    "lastmodified": "2023-06-08T18:38:27.898525785Z",
    "tags": null
  },
  "/features/expand": {
    "title": "",
    "content": "# Expand\n\nExpand shortcode can help to decrease clutter on screen by hiding part of text. Expand content by clicking on it.\n\n## Example\n### Default\n\n```tpl\n{{\u003c/* expand */\u003e}}\n## Markdown content\nLorem markdownum insigne...\n{{\u003c/* /expand */\u003e}}\n```\n\n{{\u003c expand \u003e}}\n## Markdown content\nLorem markdownum insigne...\n{{\u003c /expand \u003e}}\n\n### With Custom Label\n\n```tpl\n{{\u003c/* expand \"Custom Label\" \"...\" */\u003e}}\n## Markdown content\nLorem markdownum insigne...\n{{\u003c/* /expand */\u003e}}\n```\n\n{{\u003c expand \"Custom Label\" \"...\" \u003e}}\n## Markdown content\nLorem markdownum insigne. Olympo signis Delphis! Retexi Nereius nova develat\nstringit, frustra Saturnius uteroque inter! Oculis non ritibus Telethusa\nprotulit, sed sed aere valvis inhaesuro Pallas animam: qui _quid_, ignes.\nMiseratus fonte Ditis conubia.\n{{\u003c /expand \u003e}}\n",
    "lastmodified": "2023-06-08T18:38:27.898525785Z",
    "tags": null
  },
  "/features/languages": {
    "title": "Chinese, Japanese, Korean Support (测试)",
    "content": "\n## Chinese, Japanese, Korean Support\n几乎在我们意识到之前，我们已经离开了地面。\n\n우리가 그것을 알기도 전에 우리는 땅을 떠났습니다.\n\n私たちがそれを知るほぼ前に、私たちは地面を離れていました。\n\n## RTL\nMore information on configuring RTL languages like Arabic in the [config](setup/config.md) page.\n",
    "lastmodified": "2023-06-08T18:38:27.898525785Z",
    "tags": null
  },
  "/features/latex": {
    "title": "LaTeX",
    "content": "\nBlock math works with two dollar signs `$$...$$`\n\n$$f(x) = \\int_{-\\infty}^\\infty\n    f\\hat(\\xi),e^{2 \\pi i \\xi x}\n    \\,d\\xi$$\n\t\nInline math also works with single dollar signs `$...$`. For example, Euler's identity but inline: $e^{i\\pi} = -1$\n\nAligned equations work quite well:\n\n$$\n\\begin{aligned}\na \u0026= b + c \\\\ \u0026= e + f \\\\\n\\end{aligned}\n$$\n\nAnd matrices\n\n$$\n\\begin{bmatrix}\n1 \u0026 2 \u0026 3 \\\\\na \u0026 b \u0026 c\n\\end{bmatrix}\n$$",
    "lastmodified": "2023-06-08T18:38:27.898525785Z",
    "tags": null
  },
  "/features/mermaid": {
    "title": "",
    "content": "# Mermaid Chart\n\n[MermaidJS](https://mermaid-js.github.io/) is library for generating svg charts and diagrams from text.\n\n{{\u003c hint info \u003e}}\n**Override Mermaid Initialization Config**\n\nTo override the [initialization config](https://mermaid-js.github.io/mermaid/#/Setup) for Mermaid,\ncreate a `mermaid.json` file in your `assets` folder!\n{{\u003c /hint \u003e}}\n\n## Example\n\n{{\u003c columns \u003e}}\n```tpl\n{{\u003c/*/* mermaid [class=\"text-center\"]*/*/\u003e}}\nstateDiagram-v2\n    State1: The state with a note\n    note right of State1\n        Important information! You can write\n        notes.\n    end note\n    State1 --\u003e State2\n    note left of State2 : This is the note to the left.\n{{\u003c/*/* /mermaid */*/\u003e}}\n```\n\n\u003c---\u003e\n\n{{\u003c mermaid \u003e}}\nstateDiagram-v2\n    State1: The state with a note\n    note right of State1\n        Important information! You can write\n        notes.\n    end note\n    State1 --\u003e State2\n    note left of State2 : This is the note to the left.\n{{\u003c /mermaid \u003e}}\n\n{{\u003c /columns \u003e}}\n",
    "lastmodified": "2023-06-08T18:38:27.898525785Z",
    "tags": null
  },
  "/features/section/": {
    "title": "",
    "content": "\n# Section\n\nSection renders pages in section as definition list, using title and description.\n\n## Example\n\n```tpl\n{{\u003c/* section */\u003e}}\n```\n\n{{\u003csection\u003e}}\n",
    "lastmodified": "2023-06-08T18:38:27.898525785Z",
    "tags": null
  },
  "/features/section/first-page": {
    "title": "",
    "content": "# First page\n\nLorem ipsum dolor sit amet, consectetur adipiscing elit, sed do eiusmod tempor incididunt ut labore et dolore magna aliqua. Ut enim ad minim veniam, quis nostrud exercitation ullamco laboris nisi ut aliquip ex ea commodo consequat. \n\n\u003c!--more--\u003e\nDuis aute irure dolor in reprehenderit in voluptate velit esse cillum dolore eu fugiat nulla pariatur. Excepteur sint occaecat cupidatat non proident, sunt in culpa qui officia deserunt mollit anim id est laborum.\n",
    "lastmodified": "2023-06-08T18:38:27.898525785Z",
    "tags": null
  },
  "/features/section/second-page": {
    "title": "",
    "content": "# Second Page\nLorem ipsum dolor sit amet, consectetur adipiscing elit, sed do eiusmod tempor incididunt ut labore et dolore magna aliqua. Ut enim ad minim veniam, quis nostrud exercitation ullamco laboris nisi ut aliquip ex ea commodo consequat.\n\n\u003c!--more--\u003e\nDuis aute irure dolor in reprehenderit in voluptate velit esse cillum dolore eu fugiat nulla pariatur. Excepteur sint occaecat cupidatat non proident, sunt in culpa qui officia deserunt mollit anim id est laborum.\n\n",
    "lastmodified": "2023-06-08T18:38:27.898525785Z",
    "tags": null
  },
  "/features/tabs": {
    "title": "",
    "content": "# Tabs\n\nTabs let you organize content by context, for example installation instructions for each supported platform.\n\n```tpl\n{{\u003c/* tabs \"uniqueid\" */\u003e}}\n{{\u003c/* tab \"MacOS\" */\u003e}} # MacOS Content {{\u003c/* /tab */\u003e}}\n{{\u003c/* tab \"Linux\" */\u003e}} # Linux Content {{\u003c/* /tab */\u003e}}\n{{\u003c/* tab \"Windows\" */\u003e}} # Windows Content {{\u003c/* /tab */\u003e}}\n{{\u003c/* /tabs */\u003e}}\n```\n\n## Example\n\n{{\u003c tabs \"uniqueid\" \u003e}}\n{{\u003c tab \"MacOS\" \u003e}}\n# MacOS\n\nThis is tab **MacOS** content.\n\nLorem markdownum insigne. Olympo signis Delphis! Retexi Nereius nova develat\nstringit, frustra Saturnius uteroque inter! Oculis non ritibus Telethusa\nprotulit, sed sed aere valvis inhaesuro Pallas animam: qui _quid_, ignes.\nMiseratus fonte Ditis conubia.\n{{\u003c /tab \u003e}}\n\n{{\u003c tab \"Linux\" \u003e}}\n\n# Linux\n\nThis is tab **Linux** content.\n\nLorem markdownum insigne. Olympo signis Delphis! Retexi Nereius nova develat\nstringit, frustra Saturnius uteroque inter! Oculis non ritibus Telethusa\nprotulit, sed sed aere valvis inhaesuro Pallas animam: qui _quid_, ignes.\nMiseratus fonte Ditis conubia.\n{{\u003c /tab \u003e}}\n\n{{\u003c tab \"Windows\" \u003e}}\n\n# Windows\n\nThis is tab **Windows** content.\n\nLorem markdownum insigne. Olympo signis Delphis! Retexi Nereius nova develat\nstringit, frustra Saturnius uteroque inter! Oculis non ritibus Telethusa\nprotulit, sed sed aere valvis inhaesuro Pallas animam: qui _quid_, ignes.\nMiseratus fonte Ditis conubia.\n{{\u003c /tab \u003e}}\n{{\u003c /tabs \u003e}}\n",
    "lastmodified": "2023-06-08T18:38:27.898525785Z",
    "tags": null
  },
  "/setup/": {
    "title": "",
    "content": "",
    "lastmodified": "2023-06-08T18:38:27.898525785Z",
    "tags": null
  },
  "/setup/config": {
    "title": "Customization",
    "content": "\n# Configuration\nAmethyst is designed to be extremely configurable. You can find the bulk of the configuration scattered throughout the repository depending on how in-depth you'd like to get.\n\nThe majority of configuration can be found under `config.yaml`. An example, with descriptions for each setting, can be found [here](https://github.com/64bitpandas/amethyst/blob/main/config.yaml).\n\n### Code Block Titles\nTo add code block titles with Amethyst:\n\n1. Ensure that code block titles are enabled in the configuration:\n\n    ```yaml {title=\"data/config.yaml\", linenos=false}\n    enableCodeBlockTitle: true\n    ```\n\n2. Add the `title` attribute to the desired [code block\n   fence](https://gohugo.io/content-management/syntax-highlighting/#highlighting-in-code-fences):\n\n      ```markdown {linenos=false}\n       ```yaml {title=\"data/config.yaml\"}\n       enableCodeBlockTitle: true  # example from step 1\n       ```\n      ```\n\n**Note** that if `{title=\u003cmy-title\u003e}` is included, and code block titles are not\nenabled, no errors will occur, and the title attribute will be ignored.\n\n### HTML Favicons\nIf you would like to customize the favicons, you \ncan add them to the `data/config.yaml` file. The **default** without any set \n`favicon` key is:\n\n```html {title=\"layouts/partials/head.html\", linenostart=15}\n\u003clink rel=\"shortcut icon\" href=\"icon.png\" type=\"image/png\"\u003e\n```\n\nThe default can be overridden by defining a value to the `favicon` key in your \n`data/config.yaml` file. For example, here is a `List[Dictionary]` example format, which is\nequivalent to the default:\n\n```yaml {title=\"data/config.yaml\", linenos=false}\nfavicon:\n  - { rel: \"shortcut icon\", href: \"icon.png\", type: \"image/png\" }\n#  - { ... } # Repeat for each additional favicon you want to add\n```\n\nIn this format, the keys are identical to their HTML representations.\n\nIf you plan to add multiple favicons generated by a website (see list below), it\nmay be easier to define it as HTML. Here is an example which appends the \n**Apple touch icon** to Amethyst's default favicon:\n\n```yaml {title=\"data/config.yaml\", linenos=false}\nfavicon: |\n  \u003clink rel=\"shortcut icon\" href=\"icon.png\" type=\"image/png\"\u003e\n  \u003clink rel=\"apple-touch-icon\" sizes=\"180x180\" href=\"/apple-touch-icon.png\"\u003e\n```\n\nThis second favicon will now be used as a web page icon when someone adds your \nwebpage to the home screen of their Apple device. If you are interested in more \ninformation about the current and past standards of favicons, you can read \n[this article](https://www.emergeinteractive.com/insights/detail/the-essentials-of-favicons/).\n\n**Note** that all generated favicon paths, defined by the `href` \nattribute, are relative to the `static/` directory.\n\n### Graph View\nTo customize the Interactive Graph view, you can poke around `data/graphConfig.yaml`. The default configuration, with descriptions, can be found [here](https://github.com/64bitpandas/amethyst/blob/main/data/graphConfig.yaml).\n\n### Language Support\n[Chinese, Japanese, and Korean support](features/language.md) comes out of the box with Amethyst.\n\nWant to support languages that read from right-to-left (like Arabic)? Hugo (and by proxy, Amethyst) supports this natively.\n\nFollow the steps [Hugo provides here](https://gohugo.io/content-management/multilingual/#configure-languages) and modify your `config.yaml`\n\nFor example:\n\n```yaml\ndefaultContentLanguage: ar\nlanguages:\n  ar:\n    languagedirection: rtl\n    title: مدونتي\n    weight: 2\n```\n\n# Custom Styles\nWant to go even more in-depth? You can add custom CSS styling in `assets/_custom.scss`. If you'd like to target specific parts of the site, you can add ids and classes to the HTML partials in `/layouts/partials`. \n\n### Changing the Color Scheme\nThe default color schemes for light mode and dark mode are located in `assets/_colors.scss`. You can replace the values for existing color variables for drop-in edits, or create new variables to reference in `_custom.scss`.\n\n### Changing the Fonts\nAll fonts are defined in `assets/_fonts.scss`. There are examples for both local fonts (defined using `@font-face`) and webfonts (fetched with `@import` from a font distributor such as Google Fonts).\n\nYou can place all local fonts in the `static/fonts` folder.\n\n### Partials\nPartials are what dictate what gets rendered to the page. Want to change how pages are styled and structured? You can edit the appropriate layout in `/layouts`.\n\nFor example, the structure of the home page can be edited through `/layouts/index.html`. To customize the footer, you can edit `/layouts/partials/footer.html`\n\nMore info about partials on [Hugo's website.](https://gohugo.io/templates/partials/)\n\nStill having problems? Checkout our [FAQ and Troubleshooting guide](setup/troubleshooting.md).\n\n\n",
    "lastmodified": "2023-06-08T18:38:27.898525785Z",
    "tags": null
  },
  "/setup/custom-Domain": {
    "title": "Custom Domain",
    "content": "\n### Registrar\nThis step is only applicable if you are using a **custom domain**! If you are using a `\u003cYOUR-USERNAME\u003e.github.io` domain, you can skip this step.\n\nFor this last bit to take effect, you also need to create a CNAME record with the DNS provider you register your domain with (i.e. NameCheap, Google Domains).\n\nGitHub has some [documentation on this](https://docs.github.com/en/pages/configuring-a-custom-domain-for-your-github-pages-site/managing-a-custom-domain-for-your-github-pages-site), but the tldr; is to\n\n1. Go to your forked repository (`github.com/\u003cYOUR-GITHUB-USERNAME\u003e/amethyst`) settings page and go to the Pages tab. Under \"Custom domain\", type your custom domain, then click **Save**.\n2. Go to your DNS Provider and create a CNAME record that points from your domain to `\u003cYOUR-GITHUB-USERNAME.github.io.` (yes, with the trailing period).\n\n\t![Example Configuration for Quartz](/setup/images/google-domains.png)*Example Configuration for Quartz*\n3. Wait 30 minutes to an hour for the network changes to kick in.\n4. Done!",
    "lastmodified": "2023-06-08T18:38:27.90252578Z",
    "tags": null
  },
  "/setup/editing": {
    "title": "Editing Content",
    "content": "\n## Editing \nAmethyst runs on top of [Hugo](https://gohugo.io/) so all notes are written in [Markdown](https://www.markdownguide.org/getting-started/).\n\n### Folder Structure\nHere's a rough overview of what's what.\n\n**All notes you want to publish should go in the `/content` folder.** To make edits, you can open any of the files and make changes directly and save it. You can organize content into any subfolder you'd like.\n\n**To edit the main home page, open `/content/_index.md`.**\n\nTo create a link between notes in your garden, just create a normal link using Markdown pointing to the document in question. Please note that **all links should be relative to the root `/content` path**. \n\n```markdown\nFor example, I want to link this current document to `setup/config.md`.\n[A link to the config page](setup/config.md)\n```\n\nSimilarly, you can put local images anywhere in the `/content` folder.\n\n```markdown\nExample image (source is in content/setup/images/example.png)\n![Example Image](/content/setup/images/example.png)\n```\n\nYou can also use wikilinks if that is what you are more comfortable with!\n\n### Front Matter\nHugo is picky when it comes to metadata for files. Make sure that your title is double-quoted and that you have a title defined at the top of your file in the front matter like so. You can also add tags here as well.\n\n```yaml\n---\ntitle: \"Example Title\"\ntags:\n- example-tag\n---\n\nRest of your content here...\n```\n\nYou can specify additional params in the front matter of individual pages:\n\n```toml\n# Set type to 'docs' if you want to render page outside of configured section or if you render section other than 'docs'\ntype = 'docs'\n\n# Set page weight to re-arrange items in file-tree menu (if BookMenuBundle not set)\nweight = 10\n\n# (Optional) Set to 'true' to mark page as flat section in file-tree menu (if BookMenuBundle not set)\nbookFlatSection = false\n\n# (Optional) Set to hide nested sections or pages at that level. Works only with file-tree menu mode\nbookCollapseSection = true\n\n# (Optional) Set true to hide page or section from side menu (if BookMenuBundle not set)\nbookHidden = false\n\n# (Optional) Set 'false' to hide ToC from page\nbookToC = true\n\n# (Optional) If you have enabled BookComments for the site, you can disable it for specific pages.\nbookComments = true\n\n# (Optional) Set to 'false' to exclude page from search index.\nbookSearchExclude = true\n\n# (Optional) Set explicit href attribute for this page in a menu (if BookMenuBundle not set)\nbookHref = ''\n```\n\n\n### Obsidian\nAmethyst is built especially for use with [Obsidian](http://obsidian.md/) as a text editor. \n\nSee below for more information:\n\n\u003e 🔗 Step 3: [How to setup your Obsidian Vault to work with Amethyst](setup/obsidian.md)\n\n## Previewing Changes\nThis step is purely optional and mostly for those who want to see the published version of their digital garden locally before opening it up to the internet. This is *highly recommended* but not required.\n\n\u003e 👀 Step 4: [Preview Changes](setup/preview%20changes.md)\n\nFor those who like to live life more on the edge, viewing the garden through Obsidian gets you pretty close to the real thing.\n\n## Publishing Changes\nAfter you've finished editing your notes, you can publish them to the internet!\n\n\u003e 🌍 Step 5: [Hosting Amethyst online!](setup/hosting.md)\n\nHaving problems? Check out our [FAQ and Troubleshooting guide](setup/troubleshooting.md).\n",
    "lastmodified": "2023-06-08T18:38:27.90252578Z",
    "tags": null
  },
  "/setup/hosting": {
    "title": "Deploying Amethyst to the Web",
    "content": "\n## Hosting on GitHub Pages\nAmethyst is designed to be effortless to deploy. If you forked and cloned Amethyst directly from the repository, everything should already be good to go! Follow the steps below.\n\n### Enable GitHub Actions\nBy default, GitHub disables workflows from running automatically on Forked Repostories. Head to the 'Actions' tab of your forked repository and Enable Workflows to setup deploying your site!\n\n![Enable GitHub Actions](/setup/images/github-actions.png)*Enable GitHub Actions*\n\n### Enable GitHub Pages\n\nHead to the 'Settings' tab of your forked repository and go to the 'Pages' tab.\n\n1. (IMPORTANT) Set the source to deploy from `master` (and not `hugo`) using `/ (root)`\n2. Set a custom domain here if you have one!\n\n![Enable GitHub Pages](/setup/images/github-pages.png)*Enable GitHub Pages*\n\n### Pushing Changes\nTo see your changes on the internet, we need to push it them to GitHub. Amethyst is a `git` repository so updating it is the same workflow as you would follow as if it were just a regular software project.\n\n```shell\n# Navigate to Amethyst folder\ncd \u003cpath-to-amethyst\u003e\n\n# Commit all changes\ngit add .\ngit commit -m \"message describing changes\"\n\n# Push to GitHub to update site\ngit push origin main\n```\n\nNote: we specifically push to the `main` branch here. Our GitHub action automatically runs everytime a push to is detected to that branch and then updates the `deploy` branch for redeployment.\n\n### Setting up the Site\nNow let's get this site up and running. Never hosted a site before? No problem. Have a fancy custom domain you already own or want to use a subdomain? That's easy too.\n\n\u003e Don't want to use GitHub Pages? Continue following the instructions below, and simply point your hosting solution to serve the `deploy` branch with no additional build steps required.\n\nHere, we take advantage of GitHub's free page hosting to deploy our site. Change `baseURL` in `/config.toml`. \n\nMake sure that your `baseURL` has a trailing `/`!\n\n[Reference `config.yaml` here](https://github.com/64bitpandas/amethyst/blob/main/config.yaml)\n\n```yaml\nbaseURL: \"https://\u003cYOUR-DOMAIN\u003e/\"\n```\n\nIf you are using this under a subdomain (e.g. `\u003cYOUR-GITHUB-USERNAME\u003e.github.io/amethyst/`), include the trailing `/`. **You need to do this especially if you are using GitHub!**\n\n```yaml\nbaseURL: \"https://\u003cYOUR-GITHUB-USERNAME\u003e.github.io/amethyst/\"\n```\n\nChange `cname` in `/.github/workflows/deploy.yaml`. Again, if you don't have a custom domain to use, you can use `\u003cYOUR-USERNAME\u003e.github.io`.\n\nPlease note that the `cname` field should *not* have any path `e.g. end with /amethyst` or have a trailing `/`.\n\n[Reference `deploy.yaml` here](https://github.com/64bitpandas/amethyst/blob/main/.github/workflows/deploy.yaml)\n\n```yaml {title=\".github/workflows/deploy.yaml\"}\n- name: Deploy  \n  uses: peaceiris/actions-gh-pages@v3  \n  with:  \n\tgithub_token: ${{ secrets.GITHUB_TOKEN }} # this can stay as is, GitHub fills this in for us!\n\tpublish_dir: ./public  \n\tpublish_branch: deploy\n\tcname: \u003cYOUR-DOMAIN\u003e\n```\n\nHave a custom domain? [Learn how to set it up with Amethyst ](setup/custom%20Domain.md).\n\n### Ignoring Files\nOnly want to publish a subset of all of your notes? Don't worry, Amethyst makes this a simple two-step process.\n\n❌ [Excluding pages from being published](setup/ignore%20notes.md)\n\n---\n\nNow that your site is live, let's figure out how to make Amethyst really *yours*!\n\n\u003e Step 6: 🎨 [Customizing Amethyst](setup/config.md)\n\nHaving problems? Checkout our [FAQ and Troubleshooting guide](setup/troubleshooting.md).\n",
    "lastmodified": "2023-06-08T18:38:27.90252578Z",
    "tags": null
  },
  "/setup/ignore-notes": {
    "title": "Ignoring Notes",
    "content": "\nEdit `ignoreFiles` in `config.yaml` to include paths you'd like to exclude from being rendered.\n\n```toml\n...\nignoreFiles: [  \n    \"/content/templates/*\",  \n    \"/content/private/*\", \n    \"\u003cyour path here\u003e\"\n]\n```\n\n`ignoreFiles` supports the use of Regular Expressions (RegEx) so you can ignore patterns as well (e.g. ignoring all `.png`s by doing `\\\\.png$`).\nTo ignore a specific file, you can also add the tag `draft: true` to the frontmatter of a note.\n\n```markdown\n---\ntitle: Some Private Note\ndraft: true\n---\n...\n```\n\nMore details in [Hugo's documentation](https://gohugo.io/getting-started/configuration/#ignore-content-and-data-files-when-rendering).\n\n### Global Ignore\nHowever, just adding to the `ignoreFiles` will only prevent the page from being access through Amethyst. If you want to prevent the file from being pushed to GitHub (for example if you have a public repository), you need to also add the path to the `.gitignore` file at the root of the repository.",
    "lastmodified": "2023-06-08T18:38:27.90252578Z",
    "tags": null
  },
  "/setup/obsidian": {
    "title": "Obsidian Vault Integration",
    "content": "\n## Setup\nObsidian is the preferred way to use Amethyst. You can either create a new Obsidian Vault or link one that your already have.\n\n### New Vault\nIf you don't have an existing Vault, [download Obsidian](https://obsidian.md/) and create a new Vault in the `/content` folder that you created and cloned during the [setup](setup/setup.md) step.\n\n### Linking an existing Vault (simple)\nThe easiest way to use an existing Vault is to copy all of your files (directory and hierarchies intact) into the `/content` folder.\n\n### Linking an existing Vault (using git)\nIf you're editing in an existing vault and don't want to have to keep copying your files over, one solution is to create a new Git repository for just the notes you want to publish.\n\nThen, in both your vault and in Amethyst, run the following command, replacing the link with one to your new repository:\n```bash\ngit submodule add https://github.com/\u003cYOUR_USERNAME\u003e/\u003cREPO_NAME\u003e content\n```\n\n## Settings\nNow that you've added your notes to Amethyst, let's fix some settings so that they play well.\n\n1. Under Options \u003e Files and Links, set the New link format to always use Absolute Path in Vault.\n2. Go to Settings \u003e Files \u0026 Links \u003e Turn \"on\" automatically update internal links.\n\n![Obsidian Settings](/setup/images/obsidian-settings.png)*Obsidian Settings*\n\n## Templates\nInserting front matter everytime you want to create a new Note gets annoying really quickly. Luckily, Obsidian supports templates which makes inserting new content really easily.\n\n**If you decide to overwrite the `/content` folder completely, don't remove the `/content/templates` folder!**\n\nHead over to Options \u003e Core Plugins and enable the Templates plugin. Then go to Options \u003e Hotkeys and set a hotkey for 'Insert Template' (I recommend `[cmd]+T`). That way, when you create a new note, you can just press the hotkey for a new template and be ready to go!\n\n\u003e 👀 Step 4: [Preview Changes](setup/preview%20changes.md)",
    "lastmodified": "2023-06-08T18:38:27.906525773Z",
    "tags": null
  },
  "/setup/preview-changes": {
    "title": "Preview Changes",
    "content": "\nIf you'd like to preview what your site looks like before deploying it to the internet, the following\ninstructions guide you through installing the proper dependencies to run it locally.\n\n\n## Install `hugo-obsidian`\nThis step will generate the list of backlinks for Hugo to parse. Ensure you have [Go](https://golang.org/doc/install) (\u003e= 1.16) installed.\n\n```bash\n# Install and link `hugo-obsidian` locally\ngo install github.com/jackyzha0/hugo-obsidian@latest\n```\n\nIf you are running into an error saying that `command not found: hugo-obsidian`, make sure you set your `GOPATH` correctly! This will allow your terminal to correctly recognize hugo-obsidian as an executable.\n\nAfterwards, start the Hugo server as shown above and your local backlinks and interactive graph should be populated!\n\n##  Installing Hugo\nHugo is the static site generator that powers Amethyst. [Install Hugo with \"extended\" Sass/SCSS version](https://gohugo.io/getting-started/installing/) first. Then,\n\n```bash\n# Navigate to your local Amethyst folder\ncd \u003clocation-of-your-local-amethyst\u003e\n\n# Start local server\nmake serve\n\n# View your site in a browser at http://localhost:1313/\n```\n\nNow that you are happy with how your Amethyst instance looks, let's get it hosted!\n\n\u003e 🌍 Step 5: [Hosting Amethyst online!](setup/hosting.md)\n",
    "lastmodified": "2023-06-08T18:38:27.906525773Z",
    "tags": null
  },
  "/setup/search": {
    "title": "Search",
    "content": "\nAmethyst supports two modes of searching through content.\n\n## Full-text\nFull-text search is the default in Amethyst. It produces results that *exactly* match the search query. This is easier to setup but usually produces lower quality matches.\n\n```yaml {title=\"data/config.yaml\"}\n# the default option\nenableSemanticSearch: false\n```\n\n## Natural Language\nNatural language search is powered by [Operand](https://beta.operand.ai/). It understands language like a person does and finds results that best match user intent. In this sense, it is closer to how Google Search works.\n\nNatural language search tends to produce higher quality results than full-text search.\n\nHere's how to set it up.\n\n1. Login or Register for a new Operand account. Click the verification link sent to your email, and you'll be redirected to the dashboard. (Note) You do not need to enter a credit card to create an account, or get started with the Operand API. The first $10 of usage each month is free. To learn more, see pricing. If you go over your free quota, we'll (politely) reach out and ask you to configure billing.\n2. Create your first index. On the dashboard, under \"Indexes\", enter the name and description of your index, and click \"Create Index\". Note down the ID of the index (obtained by clicking on the index name in the list of indexes), as you'll need it in the next step. IDs are unique to each index, and look something like `uqv1duxxbdxu`.\n3. Click into the index you've created. Under \"Index Something\", select \"SITEMAP\" from the dropdown and click \"Add Source\".\n4. For the \"Sitemap.xml URL\", put your deployed site's base URL followed by `sitemap.xml`. For example, for `amethyst.bencuan.me`, put `https://amethyst.bencuan.me/sitemap.xml`. Leave the URL Regex empty. \n5. Get your API key. On the dashboard, under \"API Keys\", you can manage your API keys. If you don't already have an API key, click \"Create API Key\". You'll need this for the next step.\n6. Open `data/config.yaml`. Set `enableSemanticSearch` to `true`, `operandApiKey` to your copied key, and `operandIndexId` to the ID of the index we created from earlier..\n\n```yaml {title=\"data/config.yaml\"}\n# the default option\nsearch:\n  enableSemanticSearch: true\n  operandApiKey: \"jp9k5hudse2a828z98kxd6z3payi8u90rnjf\"\n  operandIndexId: \"s0kf3bd6tldw\"\n```\n7. Push your changes to the site and wait for it to deploy.\n8. Check the Operand dashboard and wait for your site to index. Enjoy natural language search powered by Operand!\n",
    "lastmodified": "2023-06-08T18:38:27.906525773Z",
    "tags": null
  },
  "/setup/setup": {
    "title": "Setup",
    "content": "\n## Getting Started\nSetting up Amethyst requires a basic understanding of `git`. If you are unfamiliar, [this resource](https://resources.nwplus.io/2-beginner/how-to-git-github.html) is a great place to start!\n\n### Forking\n\u003e A fork is a copy of a repository. Forking a repository allows you to freely experiment with changes without affecting the original project.\n\nNavigate to the GitHub repository for the Amethyst project:\n\n📁 [Amethyst Repository](https://github.com/64bitpandas/amethyst)\n\nThen, Fork the repository into your own GitHub account. If you don't have an account, you can make on for free [here](https://github.com/join). More details about forking a repo can be found on [GitHub's documentation](https://docs.github.com/en/get-started/quickstart/fork-a-repo).\n\n### Cloning\nAfter you've made a fork of the repository, you need to download the files locally onto your machine. Ensure you have `git`, then type the following command replacing `YOUR-USERNAME` with your GitHub username.\n\n```shell\ngit clone https://github.com/YOUR-USERNAME/amethyst\n```\n\n## Editing\nGreat! Now you have everything you need to start editing. If you're ready to start writing content already, check out the recommended flow for editing notes:\n\n\u003e ✏️ Step 2: [Editing Notes in Amethyst](setup/editing.md)\n\nHaving problems? Checkout our [FAQ and Troubleshooting guide](setup/troubleshooting.md).\n",
    "lastmodified": "2023-06-08T18:38:27.906525773Z",
    "tags": null
  },
  "/setup/troubleshooting": {
    "title": "Troubleshooting and FAQ",
    "content": "\nStill having trouble? Here are a list of common questions and problems people encounter when installing Amethyst.\n\n### Does Amethyst have Latex support?\nYes! See [LaTeX](features/latex.md) for a brief demo.\n\n### Can I use \\\u003cObsidian Plugin\\\u003e in Amethyst?\nUnless it produces direct Markdown output in the file, no. There currently is no way to bundle plugin code with Amethyst.\n\nThe easiest way would be to add your own HTML partial that supports the functionality you are looking for.\n\n### My GitHub pages is just showing the README\nMake sure you set the source to deploy from the `deploy` branch (and not `main`) using `/ (root)`! See more in the [hosting](/setup/hosting) guide\n\n### Some of my pages have 'January 1, 0001' as the last modified date\nThis is a problem caused by `git` treating files as case-insensitive by default and some of your posts probably have capitalized file names. You can turn this off in your Amethyst by running this command.\n\n```shell\n# in the root folder (same folder as config.toml)\ngit config core.ignorecase true\n\n# or globally (not recommended)\ngit config --global core.ignorecase true\n```\n\n### Can I publish only a subset of my pages?\nYes! Amethyst makes selective publishing really easy. Heres a guide on [excluding pages from being published](setup/ignore%20notes.md).\n\n### Can I host this myself and not on GitHub Pages?\nYes! All built files can be found under `/public` in the `master` branch. More details under [hosting](setup/hosting.md).\n\n### `command not found: hugo-obsidian`\nMake sure you set your `GOPATH` correctly! This will allow your terminal to correctly recognize `hugo-obsidian` as an executable.\n\n```shell\n# Add the following 2 lines to your ~/.bash_profile\nexport GOPATH=/Users/$USER/go\nexport PATH=$GOPATH/bin:$PATH\n\n# In your current terminal, to reload the session\nsource ~/.bash_profile\n```\n\n### How come my notes aren't being rendered?\nYou probably forgot to include front matter in your Markdown files. You can either setup [Obsidian](setup/obsidian.md) to do this for you or you need to manually define it. More details in [the 'how to edit' guide](setup/editing.md).\n\n### My custom domain isn't working!\nWalk through the steps in [the hosting guide](setup/hosting.md) again. Make sure you wait 30 min to 1 hour for changes to take effect.\n\n### How do I setup Google Analytics?\nYou can edit it in `config.toml` and either use a V3 (UA-) or V4 (G-) tag.\n\n### How do I change the content on the home page?\nTo edit the main home page, open `/content/_index.md`.\n\n### How do I change the colours?\nYou can change the theme by editing `assets/custom.scss`. More details on customization and themeing can be found in the [customization guide](setup/config.md).\n\n### How do I add images?\nYou can put images anywhere in the `/content` folder.\n\n```markdown\nExample image (source is in content/setup/images/example.png)\n![Example Image](/content/setup/images/example.png)\n```\n\n### My Interactive Graph and Backlinks aren't up to date\nBy default, the `linkIndex.json` (which Amethyst needs to generate the Interactive Graph and Backlinks) are not regenerated locally. To set that up, see the guide on [local editing](setup/editing.md)\n\n### Can I use React/Vue/some other framework?\nNot out of the box. You could probably make it work by editing `/layouts/_default/single.html` but that's not what Amethyst is designed to work with. 99% of things you are trying to do with those frameworks you can accomplish perfectly fine using just vanilla HTML/CSS/JS.\n\n## Still Stuck?\nAmethyst isn't perfect! If you're still having troubles, file an issue in the GitHub repo with as much information as you can reasonably provide. Alternatively, [send me a message](https://bencuan.me/contact) using your preferred communication method!\n\n🐛 [Submit an Issue](https://github.com/64bitpandas/amethyst/issues)",
    "lastmodified": "2023-06-08T18:38:27.906525773Z",
    "tags": null
  },
  "/setup/updating": {
    "title": "Updating",
    "content": "\nHaven't updated Amethyst in a while and want all the cool new optimizations? On Unix/Mac systems you can run the following command for a one-line update! This command will show you a log summary of all commits since you last updated, press `q` to acknowledge this. Then, it will show you each change in turn and press `y` to accept the patch or `n` to reject it. Usually you should press `y` for most of these unless it conflicts with existing changes you've made! \n\n```shell\nmake update\n```\n\nOr, if you don't want the interactive parts and just want to force update your local garden (this assumed that you are okay with some of your personalizations been overriden!)\n\n```shell\nmake update-force\n```\n\nOr, manually checkout the changes yourself.\n\n\u003e [!warning] Warning!\n\u003e\n\u003e If you customized the files in `data/`, or anything inside `layouts/`, your customization may be overwritten!\n\u003e Make sure you have a copy of these changes if you don't want to lose them.\n\n\n```shell\n# add Amethyst as a remote host\ngit remote add upstream git@github.com:64bitpandas/amethyst.git\n\n# index and fetch changes\ngit fetch upstream\ngit checkout -p upstream/hugo -- layouts .github Makefile assets/js assets/styles/base.scss assets/styles/darkmode.scss data \n```\n",
    "lastmodified": "2023-06-08T18:38:27.906525773Z",
    "tags": null
  }
}