{
  "index": {
    "links": {
      "/": [
        {
          "source": "/",
          "target": "/setup/setup",
          "text": "Setup your own Amethyst instance"
        },
        {
          "source": "/",
          "target": "/setup/editing",
          "text": "Editing Notes in Amethyst"
        },
        {
          "source": "/",
          "target": "/setup/obsidian",
          "text": "How to setup your Obsidian Vault to work with Amethyst"
        },
        {
          "source": "/",
          "target": "/setup/preview-changes",
          "text": "Preview Changes"
        },
        {
          "source": "/",
          "target": "/setup/hosting",
          "text": "Hosting Amethyst online!"
        },
        {
          "source": "/",
          "target": "/setup/config",
          "text": "Customizing Amethyst"
        },
        {
          "source": "/",
          "target": "/setup/updating",
          "text": "update"
        },
        {
          "source": "/",
          "target": "/tags/setup",
          "text": "setup-related notes"
        },
        {
          "source": "/",
          "target": "/setup/troubleshooting",
          "text": "Troubleshooting and FAQ"
        }
      ],
      "/features/languages": [
        {
          "source": "/features/languages",
          "target": "/setup/config",
          "text": "config"
        }
      ],
      "/setup/config": [
        {
          "source": "/setup/config",
          "target": "/features/language",
          "text": "Chinese, Japanese, and Korean support"
        },
        {
          "source": "/setup/config",
          "target": "/setup/troubleshooting",
          "text": "FAQ and Troubleshooting guide"
        }
      ],
      "/setup/editing": [
        {
          "source": "/setup/editing",
          "target": "/setup/obsidian",
          "text": "How to setup your Obsidian Vault to work with Amethyst"
        },
        {
          "source": "/setup/editing",
          "target": "/setup/preview-changes",
          "text": "Preview Changes"
        },
        {
          "source": "/setup/editing",
          "target": "/setup/hosting",
          "text": "Hosting Amethyst online!"
        },
        {
          "source": "/setup/editing",
          "target": "/setup/troubleshooting",
          "text": "FAQ and Troubleshooting guide"
        }
      ],
      "/setup/hosting": [
        {
          "source": "/setup/hosting",
          "target": "/setup/custom-Domain",
          "text": "Learn how to set it up with Amethyst"
        },
        {
          "source": "/setup/hosting",
          "target": "/setup/ignore-notes",
          "text": "Excluding pages from being published"
        },
        {
          "source": "/setup/hosting",
          "target": "/setup/config",
          "text": "Customizing Amethyst"
        },
        {
          "source": "/setup/hosting",
          "target": "/setup/troubleshooting",
          "text": "FAQ and Troubleshooting guide"
        }
      ],
      "/setup/obsidian": [
        {
          "source": "/setup/obsidian",
          "target": "/setup/setup",
          "text": "setup"
        },
        {
          "source": "/setup/obsidian",
          "target": "/setup/preview-changes",
          "text": "Preview Changes"
        }
      ],
      "/setup/preview-changes": [
        {
          "source": "/setup/preview-changes",
          "target": "/setup/hosting",
          "text": "Hosting Amethyst online!"
        }
      ],
      "/setup/setup": [
        {
          "source": "/setup/setup",
          "target": "/setup/editing",
          "text": "Editing Notes in Amethyst"
        },
        {
          "source": "/setup/setup",
          "target": "/setup/troubleshooting",
          "text": "FAQ and Troubleshooting guide"
        }
      ],
      "/setup/troubleshooting": [
        {
          "source": "/setup/troubleshooting",
          "target": "/features/latex",
          "text": "LaTeX"
        },
        {
          "source": "/setup/troubleshooting",
          "target": "/setup/hosting",
          "text": "hosting"
        },
        {
          "source": "/setup/troubleshooting",
          "target": "/setup/ignore-notes",
          "text": "excluding pages from being published"
        },
        {
          "source": "/setup/troubleshooting",
          "target": "/setup/hosting",
          "text": "hosting"
        },
        {
          "source": "/setup/troubleshooting",
          "target": "/setup/obsidian",
          "text": "Obsidian"
        },
        {
          "source": "/setup/troubleshooting",
          "target": "/setup/editing",
          "text": "the 'how to edit' guide"
        },
        {
          "source": "/setup/troubleshooting",
          "target": "/setup/hosting",
          "text": "the hosting guide"
        },
        {
          "source": "/setup/troubleshooting",
          "target": "/setup/config",
          "text": "customization guide"
        },
        {
          "source": "/setup/troubleshooting",
          "target": "/setup/editing",
          "text": "local editing"
        }
      ]
    },
    "backlinks": {
      "/features/language": [
        {
          "source": "/setup/config",
          "target": "/features/language",
          "text": "Chinese, Japanese, and Korean support"
        }
      ],
      "/features/latex": [
        {
          "source": "/setup/troubleshooting",
          "target": "/features/latex",
          "text": "LaTeX"
        }
      ],
      "/setup/config": [
        {
          "source": "/",
          "target": "/setup/config",
          "text": "Customizing Amethyst"
        },
        {
          "source": "/features/languages",
          "target": "/setup/config",
          "text": "config"
        },
        {
          "source": "/setup/hosting",
          "target": "/setup/config",
          "text": "Customizing Amethyst"
        },
        {
          "source": "/setup/troubleshooting",
          "target": "/setup/config",
          "text": "customization guide"
        }
      ],
      "/setup/custom-Domain": [
        {
          "source": "/setup/hosting",
          "target": "/setup/custom-Domain",
          "text": "Learn how to set it up with Amethyst"
        }
      ],
      "/setup/editing": [
        {
          "source": "/",
          "target": "/setup/editing",
          "text": "Editing Notes in Amethyst"
        },
        {
          "source": "/setup/setup",
          "target": "/setup/editing",
          "text": "Editing Notes in Amethyst"
        },
        {
          "source": "/setup/troubleshooting",
          "target": "/setup/editing",
          "text": "the 'how to edit' guide"
        },
        {
          "source": "/setup/troubleshooting",
          "target": "/setup/editing",
          "text": "local editing"
        }
      ],
      "/setup/hosting": [
        {
          "source": "/",
          "target": "/setup/hosting",
          "text": "Hosting Amethyst online!"
        },
        {
          "source": "/setup/editing",
          "target": "/setup/hosting",
          "text": "Hosting Amethyst online!"
        },
        {
          "source": "/setup/preview-changes",
          "target": "/setup/hosting",
          "text": "Hosting Amethyst online!"
        },
        {
          "source": "/setup/troubleshooting",
          "target": "/setup/hosting",
          "text": "hosting"
        },
        {
          "source": "/setup/troubleshooting",
          "target": "/setup/hosting",
          "text": "hosting"
        },
        {
          "source": "/setup/troubleshooting",
          "target": "/setup/hosting",
          "text": "the hosting guide"
        }
      ],
      "/setup/ignore-notes": [
        {
          "source": "/setup/hosting",
          "target": "/setup/ignore-notes",
          "text": "Excluding pages from being published"
        },
        {
          "source": "/setup/troubleshooting",
          "target": "/setup/ignore-notes",
          "text": "excluding pages from being published"
        }
      ],
      "/setup/obsidian": [
        {
          "source": "/",
          "target": "/setup/obsidian",
          "text": "How to setup your Obsidian Vault to work with Amethyst"
        },
        {
          "source": "/setup/editing",
          "target": "/setup/obsidian",
          "text": "How to setup your Obsidian Vault to work with Amethyst"
        },
        {
          "source": "/setup/troubleshooting",
          "target": "/setup/obsidian",
          "text": "Obsidian"
        }
      ],
      "/setup/preview-changes": [
        {
          "source": "/",
          "target": "/setup/preview-changes",
          "text": "Preview Changes"
        },
        {
          "source": "/setup/editing",
          "target": "/setup/preview-changes",
          "text": "Preview Changes"
        },
        {
          "source": "/setup/obsidian",
          "target": "/setup/preview-changes",
          "text": "Preview Changes"
        }
      ],
      "/setup/setup": [
        {
          "source": "/",
          "target": "/setup/setup",
          "text": "Setup your own Amethyst instance"
        },
        {
          "source": "/setup/obsidian",
          "target": "/setup/setup",
          "text": "setup"
        }
      ],
      "/setup/troubleshooting": [
        {
          "source": "/",
          "target": "/setup/troubleshooting",
          "text": "Troubleshooting and FAQ"
        },
        {
          "source": "/setup/config",
          "target": "/setup/troubleshooting",
          "text": "FAQ and Troubleshooting guide"
        },
        {
          "source": "/setup/editing",
          "target": "/setup/troubleshooting",
          "text": "FAQ and Troubleshooting guide"
        },
        {
          "source": "/setup/hosting",
          "target": "/setup/troubleshooting",
          "text": "FAQ and Troubleshooting guide"
        },
        {
          "source": "/setup/setup",
          "target": "/setup/troubleshooting",
          "text": "FAQ and Troubleshooting guide"
        }
      ],
      "/setup/updating": [
        {
          "source": "/",
          "target": "/setup/updating",
          "text": "update"
        }
      ],
      "/tags/setup": [
        {
          "source": "/",
          "target": "/tags/setup",
          "text": "setup-related notes"
        }
      ]
    }
  },
  "links": [
    {
      "source": "/",
      "target": "/setup/setup",
      "text": "Setup your own Amethyst instance"
    },
    {
      "source": "/",
      "target": "/setup/editing",
      "text": "Editing Notes in Amethyst"
    },
    {
      "source": "/",
      "target": "/setup/obsidian",
      "text": "How to setup your Obsidian Vault to work with Amethyst"
    },
    {
      "source": "/",
      "target": "/setup/preview-changes",
      "text": "Preview Changes"
    },
    {
      "source": "/",
      "target": "/setup/hosting",
      "text": "Hosting Amethyst online!"
    },
    {
      "source": "/",
      "target": "/setup/config",
      "text": "Customizing Amethyst"
    },
    {
      "source": "/",
      "target": "/setup/updating",
      "text": "update"
    },
    {
      "source": "/",
      "target": "/tags/setup",
      "text": "setup-related notes"
    },
    {
      "source": "/",
      "target": "/setup/troubleshooting",
      "text": "Troubleshooting and FAQ"
    },
    {
      "source": "/features/languages",
      "target": "/setup/config",
      "text": "config"
    },
    {
      "source": "/setup/config",
      "target": "/features/language",
      "text": "Chinese, Japanese, and Korean support"
    },
    {
      "source": "/setup/config",
      "target": "/setup/troubleshooting",
      "text": "FAQ and Troubleshooting guide"
    },
    {
      "source": "/setup/editing",
      "target": "/setup/obsidian",
      "text": "How to setup your Obsidian Vault to work with Amethyst"
    },
    {
      "source": "/setup/editing",
      "target": "/setup/preview-changes",
      "text": "Preview Changes"
    },
    {
      "source": "/setup/editing",
      "target": "/setup/hosting",
      "text": "Hosting Amethyst online!"
    },
    {
      "source": "/setup/editing",
      "target": "/setup/troubleshooting",
      "text": "FAQ and Troubleshooting guide"
    },
    {
      "source": "/setup/hosting",
      "target": "/setup/custom-Domain",
      "text": "Learn how to set it up with Amethyst"
    },
    {
      "source": "/setup/hosting",
      "target": "/setup/ignore-notes",
      "text": "Excluding pages from being published"
    },
    {
      "source": "/setup/hosting",
      "target": "/setup/config",
      "text": "Customizing Amethyst"
    },
    {
      "source": "/setup/hosting",
      "target": "/setup/troubleshooting",
      "text": "FAQ and Troubleshooting guide"
    },
    {
      "source": "/setup/obsidian",
      "target": "/setup/setup",
      "text": "setup"
    },
    {
      "source": "/setup/obsidian",
      "target": "/setup/preview-changes",
      "text": "Preview Changes"
    },
    {
      "source": "/setup/preview-changes",
      "target": "/setup/hosting",
      "text": "Hosting Amethyst online!"
    },
    {
      "source": "/setup/setup",
      "target": "/setup/editing",
      "text": "Editing Notes in Amethyst"
    },
    {
      "source": "/setup/setup",
      "target": "/setup/troubleshooting",
      "text": "FAQ and Troubleshooting guide"
    },
    {
      "source": "/setup/troubleshooting",
      "target": "/features/latex",
      "text": "LaTeX"
    },
    {
      "source": "/setup/troubleshooting",
      "target": "/setup/hosting",
      "text": "hosting"
    },
    {
      "source": "/setup/troubleshooting",
      "target": "/setup/ignore-notes",
      "text": "excluding pages from being published"
    },
    {
      "source": "/setup/troubleshooting",
      "target": "/setup/hosting",
      "text": "hosting"
    },
    {
      "source": "/setup/troubleshooting",
      "target": "/setup/obsidian",
      "text": "Obsidian"
    },
    {
      "source": "/setup/troubleshooting",
      "target": "/setup/editing",
      "text": "the 'how to edit' guide"
    },
    {
      "source": "/setup/troubleshooting",
      "target": "/setup/hosting",
      "text": "the hosting guide"
    },
    {
      "source": "/setup/troubleshooting",
      "target": "/setup/config",
      "text": "customization guide"
    },
    {
      "source": "/setup/troubleshooting",
      "target": "/setup/editing",
      "text": "local editing"
    }
  ]
}